"Species","B1","B2","B3","B4","B5"
122,6700,-1.032297,0.002297,-2.257724,0.002407
