"Species","B1","B2","B3"
101,0.005454154,0.35855,-0.488134
109,0.005454154,0.40206,-0.899914
116,0.005454154,0.40206,-0.899914
117,0.005454154,0.35855,-0.488134
119,0.005454154,0.35855,-0.488134
122,0.005454154,0.40206,-0.899914
127,0.005454154,0.40206,-0.899914
137,0.005454154,0.40206,-0.899914
