"Species","B1","B2","B3"
"All",0.005454154,0.422709,-6.12236e-05
