"Species","B1","B2","B3","B4"
"All",0.005454154,0.299039,1.91272,3.67217e-05
