"Species","B1","B2","B3","B4","B5","B6"
17,0.210903832,0.00183995833,-0.18269969,0.00124824607,1,0.00624477874
202,0.438373815,0.00175642739,-0.083148657,0.00121904459,1,0.00541744598
