"Species","B0","B1","B2","B3","B4","B5","B6","B7","B8"
94,-0.21849,0.00189,3.14,24,-4.5,3,3.5,0.087266,4
95,-0.21849,0.00189,3.14,24,-4.5,3,3.5,0.087266,4
375,-0.7126,0.00211,3.14,24,-4.5,3,3.5,0.087266,4
746,-0.7126,0.00211,3.14,24,-4.5,3,3.5,0.087266,4
747,-1.39764,0.00188,3.14,24,-4.5,3,3.5,0.087266,4
