"Species","B1","B2","B3"
"All",0.005454154,0.225786,4.44236
