"Species","B1","B2","B3","B4"
"All",0.005454154,0.248569,0.0253524,5.60175e-05
