"Species","B1","B2","B3"
"All",0.005454154,0.231237,0.028176
