"Species","B1","B2","B3"
312,0.0034214162,2.35347,0.69586
361,0.0025616425,1.99295,1.01532
431,0.0055212937,2.07202,0.77467
631,0.000577497,2.19576,1.14078
801,0.0024574847,2.53284,0.60764
805,0.0031670596,2.32519,0.74348
807,0.0042324071,2.53987,0.50591
811,0.0053866353,2.61268,0.31103
815,0.0024277027,2.25575,0.87108
818,0.0036795695,2.12635,0.83339
821,0.0009684363,2.39565,0.98878
839,0.0041192264,2.14915,0.77843
981,0.0016380753,2.0591,1.05293
